transaction_id,user_id,recipient_id,amount,timestamp,location
TXN_10590,user_93,user_94,630.97,2025-12-21T14:49:42Z,Paris
TXN_10553,user_29,user_41,3294.27,2025-12-21T16:02:42Z,New York
TXN_10774,user_65,user_29,1666.04,2025-12-21T14:09:42Z,Dubai
TXN_10462,user_48,user_51,4521.11,2025-12-21T12:07:42Z,Paris
TXN_10411,user_91,user_54,167.57,2025-12-21T18:22:42Z,Dubai
TXN_10436,user_18,user_26,1872.19,2025-12-21T08:17:42Z,Tokyo
TXN_10594,user_74,user_45,2888.37,2025-12-21T13:30:42Z,Berlin
TXN_10931,user_72,user_46,1546.9,2025-12-21T13:12:42Z,New York
TXN_10778,user_51,user_85,1087.54,2025-12-21T15:52:42Z,Berlin
TXN_10737,user_95,user_49,921.39,2025-12-21T13:50:42Z,Tokyo
TXN_10554,user_49,user_46,4764.45,2025-12-21T08:00:42Z,London
TXN_10359,user_70,user_52,399.27,2025-12-21T08:41:42Z,Dubai
TXN_10247,user_97,user_38,2389.14,2025-12-21T09:32:42Z,London
TXN_10298,user_98,user_58,2012.11,2025-12-21T10:09:42Z,Singapore
TXN_10806,user_54,user_48,800.67,2025-12-21T17:10:42Z,London
TXN_10568,user_67,user_43,4749.49,2025-12-21T09:44:42Z,Mumbai
TXN_10836,user_3,user_7,388.29,2025-12-21T08:46:42Z,Lagos
TXN_10047,user_55,user_18,3483.62,2025-12-21T17:07:42Z,London
TXN_10795,user_96,user_40,1666.44,2025-12-21T17:28:42Z,Sydney
TXN_10626,user_37,user_1,3329.87,2025-12-21T16:23:42Z,Sydney
TXN_10793,user_65,user_44,1062.07,2025-12-21T18:23:42Z,Berlin
TXN_10620,user_70,user_96,893.41,2025-12-21T14:59:42Z,Tokyo
TXN_10261,user_49,user_41,4335.28,2025-12-21T16:39:42Z,New York
TXN_10457,user_53,user_78,941.02,2025-12-21T19:44:42Z,Berlin
TXN_10364,user_93,user_55,1610.84,2025-12-21T10:05:42Z,Mumbai
TXN_10890,user_95,user_49,2079.39,2025-12-21T12:06:42Z,Tokyo
TXN_10250,user_77,user_62,1218.78,2025-12-21T11:13:42Z,Tokyo
TXN_10235,user_19,user_4,4839.15,2025-12-21T14:13:42Z,Lagos
TXN_10027,user_43,user_21,596.16,2025-12-21T09:58:42Z,New York
TXN_10256,user_69,user_18,523.13,2025-12-21T09:31:42Z,New York
TXN_10362,user_87,user_67,2583.4,2025-12-21T16:46:42Z,Paris
TXN_10461,user_64,user_94,4112.14,2025-12-21T19:54:42Z,Dubai
TXN_10466,user_45,user_53,124.02,2025-12-21T13:57:42Z,Sydney
TXN_10475,user_24,user_92,1885.59,2025-12-21T13:04:42Z,Mumbai
TXN_10811,user_8,user_17,2617.35,2025-12-21T13:39:42Z,New York
TXN_10812,user_45,user_83,3964.62,2025-12-21T18:43:42Z,Paris
TXN_10768,user_31,user_17,3267.07,2025-12-21T16:10:42Z,Tokyo
TXN_10932,user_96,user_90,330.66,2025-12-21T12:55:42Z,Sydney
TXN_10106,user_77,user_57,875.14,2025-12-21T15:20:42Z,Mumbai
TXN_10360,user_93,user_35,1278.2,2025-12-21T09:11:42Z,Mumbai
TXN_10807,user_62,user_77,4190.95,2025-12-21T15:20:42Z,Berlin
TXN_10019,user_71,user_60,3790.3,2025-12-21T17:17:42Z,London
TXN_10683,user_76,user_33,3293.35,2025-12-21T17:51:42Z,Sydney
TXN_10849,user_31,user_80,2160.05,2025-12-21T10:58:42Z,Singapore
TXN_10532,user_30,user_24,2836.67,2025-12-21T14:12:42Z,Paris
TXN_10173,user_11,user_83,3921.78,2025-12-21T20:20:42Z,Tokyo
TXN_10927,user_59,user_96,293.68,2025-12-21T15:53:42Z,Tokyo
TXN_10844,user_22,user_56,2529.16,2025-12-21T09:14:42Z,Paris
TXN_10508,user_100,user_52,1005.64,2025-12-21T15:55:42Z,Singapore
TXN_10619,user_72,user_9,1869.55,2025-12-21T12:16:42Z,New York
TXN_10725,user_59,user_80,3090.2,2025-12-21T07:41:42Z,Sydney
TXN_10879,user_27,user_82,4307.79,2025-12-21T11:40:42Z,Lagos
TXN_10623,user_59,user_5,3934.21,2025-12-21T19:35:42Z,Tokyo
TXN_10560,user_72,user_4,3784.1,2025-12-21T12:53:42Z,Singapore
TXN_10467,user_10,user_11,3697.85,2025-12-21T09:35:42Z,Singapore
TXN_10308,user_61,user_32,3707.0,2025-12-21T08:15:42Z,Dubai
TXN_10186,user_8,user_92,1706.93,2025-12-21T16:27:42Z,New York
TXN_10777,user_34,user_82,988.58,2025-12-21T12:28:42Z,New York
TXN_10640,user_50,user_22,2840.79,2025-12-21T18:53:42Z,Sydney
TXN_10254,user_94,user_57,4980.72,2025-12-21T20:16:42Z,Berlin
TXN_10732,user_95,user_67,136.48,2025-12-21T16:14:42Z,Berlin
TXN_10682,user_26,user_55,2057.4,2025-12-21T19:07:42Z,Dubai
TXN_10490,user_44,user_93,1333.55,2025-12-21T11:21:42Z,Paris
TXN_10122,user_87,user_28,1563.42,2025-12-21T18:17:42Z,Tokyo
TXN_GPA_04,user_27,user_28,10000.0,2025-12-21T11:21:42Z,Singapore
TXN_10434,user_22,user_1,157.07,2025-12-21T17:21:42Z,Sydney
TXN_10684,user_98,user_53,1885.12,2025-12-21T13:54:42Z,Paris
TXN_10664,user_29,user_17,1016.58,2025-12-21T09:51:42Z,Lagos
TXN_10271,user_74,user_53,2710.72,2025-12-21T09:49:42Z,London
TXN_10884,user_23,user_66,2397.69,2025-12-21T19:47:42Z,Tokyo
TXN_10709,user_59,user_91,1271.83,2025-12-21T13:08:42Z,London
TXN_10666,user_80,user_34,3100.16,2025-12-21T18:41:42Z,Singapore
TXN_10848,user_86,user_48,1535.01,2025-12-21T16:12:42Z,Berlin
TXN_10229,user_5,user_98,3824.96,2025-12-21T19:39:42Z,New York
TXN_10040,user_77,user_41,1386.44,2025-12-21T07:33:42Z,Lagos
TXN_10415,user_69,user_83,1123.86,2025-12-21T14:52:42Z,Lagos
TXN_10877,user_18,user_12,300.79,2025-12-21T10:04:42Z,Tokyo
TXN_10421,user_25,user_98,1553.49,2025-12-21T16:14:42Z,Sydney
TXN_10074,user_70,user_94,1899.1,2025-12-21T17:04:42Z,Sydney
TXN_10870,user_40,user_13,3979.01,2025-12-21T18:47:42Z,Lagos
TXN_10109,user_80,user_44,2528.03,2025-12-21T17:39:42Z,Lagos
TXN_10225,user_15,user_53,1148.79,2025-12-21T15:23:42Z,Paris
TXN_10740,user_39,user_93,1702.71,2025-12-21T08:06:42Z,Paris
TXN_10487,user_20,user_55,1741.95,2025-12-21T17:07:42Z,Paris
TXN_10321,user_65,user_18,170.46,2025-12-21T15:53:42Z,Berlin
TXN_10641,user_62,user_26,1737.06,2025-12-21T11:11:42Z,Sydney
TXN_10828,user_17,user_55,239.6,2025-12-21T10:31:42Z,Sydney
TXN_10189,user_61,user_37,1590.84,2025-12-21T10:04:42Z,Paris
TXN_10291,user_77,user_66,4210.75,2025-12-21T08:55:42Z,Sydney
TXN_10162,user_23,user_20,907.83,2025-12-21T15:14:42Z,Tokyo
TXN_10039,user_4,user_98,3047.52,2025-12-21T12:04:42Z,Singapore
TXN_10447,user_59,user_5,3441.85,2025-12-21T15:21:42Z,Dubai
TXN_10378,user_21,user_46,1171.04,2025-12-21T16:26:42Z,Berlin
TXN_10017,user_16,user_92,312.51,2025-12-21T11:59:42Z,Sydney
TXN_10801,user_95,user_94,3582.68,2025-12-21T12:40:42Z,London
TXN_10348,user_28,user_64,3405.67,2025-12-21T12:32:42Z,Sydney
TXN_10391,user_42,user_26,2712.68,2025-12-21T11:59:42Z,Berlin
TXN_10068,user_57,user_22,668.67,2025-12-21T18:51:42Z,Mumbai
TXN_10282,user_91,user_90,2111.26,2025-12-21T19:08:42Z,Dubai
TXN_10472,user_51,user_67,1278.23,2025-12-21T13:26:42Z,Singapore
TXN_10663,user_73,user_55,707.34,2025-12-21T15:22:42Z,Lagos
TXN_10469,user_86,user_40,2024.41,2025-12-21T08:04:42Z,Berlin
TXN_10349,user_35,user_21,2573.01,2025-12-21T10:05:42Z,Mumbai
TXN_10149,user_100,user_42,4648.32,2025-12-21T12:57:42Z,Lagos
TXN_10864,user_84,user_91,1615.22,2025-12-21T12:09:42Z,Dubai
TXN_10265,user_31,user_10,3657.67,2025-12-21T11:23:42Z,New York
TXN_10119,user_41,user_64,1672.07,2025-12-21T09:21:42Z,Mumbai
TXN_10906,user_20,user_89,1909.02,2025-12-21T15:21:42Z,Tokyo
TXN_10168,user_85,user_67,2981.69,2025-12-21T08:14:42Z,London
TXN_10943,user_46,user_74,1729.4,2025-12-21T16:55:42Z,Dubai
TXN_10484,user_100,user_72,2149.31,2025-12-21T15:20:42Z,Dubai
TXN_10233,user_76,user_1,1929.18,2025-12-21T12:32:42Z,New York
TXN_10907,user_15,user_47,346.17,2025-12-21T18:56:42Z,Tokyo
TXN_10867,user_15,user_34,4366.68,2025-12-21T14:12:42Z,Mumbai
TXN_10403,user_88,user_49,614.12,2025-12-21T12:57:42Z,Berlin
TXN_10310,user_42,user_76,1411.2,2025-12-21T08:46:42Z,Mumbai
TXN_10942,user_44,user_72,1959.43,2025-12-21T10:57:42Z,Dubai
TXN_10813,user_89,user_33,869.5,2025-12-21T14:14:42Z,Mumbai
TXN_10856,user_1,user_5,3946.14,2025-12-21T08:33:42Z,Berlin
TXN_10530,user_42,user_5,1946.6,2025-12-21T13:19:42Z,London
TXN_10090,user_34,user_58,4558.52,2025-12-21T14:21:42Z,Sydney
TXN_10198,user_57,user_33,827.41,2025-12-21T15:30:42Z,London
TXN_10138,user_92,user_91,2917.48,2025-12-21T13:35:42Z,Berlin
TXN_10439,user_52,user_32,1591.27,2025-12-21T11:41:42Z,Singapore
TXN_10018,user_98,user_29,1791.58,2025-12-21T11:22:42Z,Paris
TXN_10431,user_42,user_92,2900.34,2025-12-21T13:40:42Z,Paris
TXN_10324,user_12,user_36,4691.84,2025-12-21T14:57:42Z,London
TXN_10052,user_23,user_4,286.43,2025-12-21T17:55:42Z,Singapore
TXN_10496,user_17,user_86,4902.89,2025-12-21T16:46:42Z,Berlin
TXN_10667,user_51,user_50,2235.24,2025-12-21T12:57:42Z,Mumbai
TXN_10696,user_42,user_17,3476.24,2025-12-21T14:21:42Z,Tokyo
TXN_10223,user_32,user_43,4207.39,2025-12-21T12:19:42Z,Paris
TXN_10791,user_45,user_96,4159.6,2025-12-21T14:12:42Z,Sydney
TXN_10847,user_22,user_68,3625.3,2025-12-21T08:46:42Z,Tokyo
TXN_10369,user_20,user_57,3603.47,2025-12-21T15:41:42Z,Lagos
TXN_10355,user_85,user_79,3726.59,2025-12-21T10:44:42Z,Mumbai
TXN_10835,user_90,user_14,1898.23,2025-12-21T09:30:42Z,New York
TXN_10500,user_50,user_84,319.29,2025-12-21T09:30:42Z,Dubai
TXN_10904,user_62,user_47,805.81,2025-12-21T13:45:42Z,Dubai
TXN_10854,user_50,user_41,4563.12,2025-12-21T07:37:42Z,Dubai
TXN_10075,user_6,user_80,3506.46,2025-12-21T19:51:42Z,Dubai
TXN_10859,user_77,user_53,4800.59,2025-12-21T10:32:42Z,Paris
TXN_10012,user_7,user_21,908.66,2025-12-21T16:35:42Z,Berlin
TXN_10131,user_64,user_10,2787.01,2025-12-21T18:21:42Z,Singapore
TXN_10240,user_22,user_17,3097.68,2025-12-21T09:31:42Z,Sydney
TXN_10501,user_49,user_36,1505.74,2025-12-21T15:29:42Z,New York
TXN_10543,user_7,user_91,988.95,2025-12-21T14:32:42Z,Mumbai
TXN_10657,user_91,user_36,4148.97,2025-12-21T11:53:42Z,Sydney
TXN_10400,user_49,user_95,1060.15,2025-12-21T16:21:42Z,Singapore
TXN_10695,user_65,user_75,4743.73,2025-12-21T07:37:42Z,Lagos
TXN_10889,user_52,user_76,3255.7,2025-12-21T16:26:42Z,Sydney
TXN_10706,user_85,user_49,959.44,2025-12-21T16:55:42Z,Berlin
TXN_10341,user_49,user_16,4332.34,2025-12-21T12:30:42Z,Paris
TXN_10794,user_80,user_39,353.67,2025-12-21T08:32:42Z,Lagos
TXN_10111,user_70,user_46,4449.78,2025-12-21T08:50:42Z,Lagos
TXN_10497,user_35,user_63,2706.34,2025-12-21T13:01:42Z,Lagos
TXN_10900,user_19,user_61,349.09,2025-12-21T11:24:42Z,Dubai
TXN_10752,user_58,user_6,2766.48,2025-12-21T12:04:42Z,Berlin
TXN_10912,user_42,user_8,1153.69,2025-12-21T17:13:42Z,London
TXN_10916,user_43,user_31,1587.36,2025-12-21T12:39:42Z,Sydney
TXN_10833,user_6,user_97,1840.6,2025-12-21T20:02:42Z,Tokyo
TXN_10381,user_51,user_70,2636.5,2025-12-21T10:14:42Z,Lagos
TXN_10320,user_73,user_57,403.17,2025-12-21T18:15:42Z,New York
TXN_10172,user_66,user_65,4600.48,2025-12-21T12:46:42Z,Singapore
TXN_10860,user_18,user_17,4387.09,2025-12-21T10:04:42Z,Paris
TXN_10129,user_90,user_65,1400.79,2025-12-21T14:19:42Z,Singapore
TXN_10520,user_76,user_34,3740.29,2025-12-21T10:15:42Z,Tokyo
TXN_10593,user_4,user_12,1580.51,2025-12-21T08:15:42Z,London
TXN_10221,user_98,user_20,4876.0,2025-12-21T16:00:42Z,Dubai
TXN_10096,user_83,user_36,2160.03,2025-12-21T09:27:42Z,London
TXN_10123,user_18,user_15,1682.57,2025-12-21T10:54:42Z,Paris
TXN_10333,user_30,user_98,611.41,2025-12-21T11:03:42Z,New York
TXN_10949,user_98,user_36,490.37,2025-12-21T16:08:42Z,New York
TXN_10602,user_4,user_84,1182.31,2025-12-21T13:30:42Z,Singapore
TXN_10734,user_27,user_88,1775.23,2025-12-21T18:48:42Z,Dubai
TXN_10540,user_46,user_60,3726.75,2025-12-21T19:42:42Z,Lagos
TXN_10488,user_81,user_42,4750.62,2025-12-21T13:59:42Z,Lagos
TXN_10245,user_74,user_62,182.13,2025-12-21T11:40:42Z,Paris
TXN_10534,user_67,user_86,3281.56,2025-12-21T07:31:42Z,Dubai
TXN_10919,user_83,user_62,1882.25,2025-12-21T16:02:42Z,New York
TXN_10474,user_36,user_51,3414.28,2025-12-21T18:10:42Z,London
TXN_10703,user_82,user_71,2915.02,2025-12-21T13:23:42Z,London
TXN_10167,user_83,user_56,4413.74,2025-12-21T08:48:42Z,London
TXN_10099,user_5,user_59,2129.95,2025-12-21T19:21:42Z,Dubai
TXN_10011,user_51,user_76,3000.13,2025-12-21T10:03:42Z,New York
TXN_10935,user_89,user_17,2179.45,2025-12-21T14:39:42Z,London
TXN_10148,user_58,user_36,1261.13,2025-12-21T09:26:42Z,Mumbai
TXN_10182,user_56,user_96,4973.3,2025-12-21T13:17:42Z,Paris
TXN_10538,user_25,user_63,551.22,2025-12-21T12:30:42Z,Berlin
TXN_10556,user_43,user_9,2127.32,2025-12-21T08:08:42Z,Mumbai
TXN_10406,user_7,user_39,718.07,2025-12-21T07:23:42Z,Berlin
TXN_10239,user_81,user_8,2674.34,2025-12-21T11:10:42Z,London
TXN_10060,user_72,user_42,4729.02,2025-12-21T14:57:42Z,London
TXN_10730,user_32,user_31,215.38,2025-12-21T12:27:42Z,Berlin
TXN_10660,user_86,user_54,1196.72,2025-12-21T16:13:42Z,Paris
TXN_10317,user_74,user_98,701.15,2025-12-21T10:36:42Z,Tokyo
TXN_10477,user_74,user_87,2345.66,2025-12-21T12:25:42Z,New York
TXN_10871,user_1,user_55,2208.41,2025-12-21T16:49:42Z,London
TXN_10893,user_4,user_5,4919.33,2025-12-21T16:36:42Z,Berlin
TXN_10174,user_34,user_88,1074.62,2025-12-21T13:09:42Z,Tokyo
TXN_10579,user_65,user_8,4903.98,2025-12-21T17:27:42Z,Berlin
TXN_10886,user_100,user_87,4578.15,2025-12-21T12:44:42Z,Tokyo
TXN_10605,user_62,user_59,1765.36,2025-12-21T14:50:42Z,New York
TXN_10351,user_52,user_75,2059.45,2025-12-21T17:51:42Z,London
TXN_10255,user_91,user_62,4308.17,2025-12-21T07:51:42Z,London
TXN_10249,user_14,user_48,2123.93,2025-12-21T20:13:42Z,Lagos
TXN_10118,user_97,user_75,4284.75,2025-12-21T12:29:42Z,Sydney
TXN_10799,user_56,user_64,4915.55,2025-12-21T13:16:42Z,Mumbai
TXN_10176,user_27,user_70,3403.93,2025-12-21T08:51:42Z,Paris
TXN_10077,user_88,user_26,1871.36,2025-12-21T18:48:42Z,Berlin
TXN_10536,user_89,user_9,2424.06,2025-12-21T19:44:42Z,Mumbai
TXN_10404,user_4,user_62,2993.37,2025-12-21T16:14:42Z,Tokyo
TXN_10316,user_23,user_48,3474.46,2025-12-21T19:58:42Z,London
TXN_10432,user_37,user_77,1989.79,2025-12-21T09:40:42Z,Sydney
TXN_10089,user_58,user_49,731.75,2025-12-21T10:08:42Z,London
TXN_10021,user_84,user_13,2029.18,2025-12-21T17:39:42Z,Singapore
TXN_10054,user_55,user_5,4638.57,2025-12-21T16:34:42Z,Lagos
TXN_10356,user_1,user_29,169.07,2025-12-21T09:40:42Z,Lagos
TXN_10564,user_13,user_82,4220.5,2025-12-21T16:25:42Z,Paris
TXN_10514,user_87,user_48,3412.11,2025-12-21T10:39:42Z,Singapore
TXN_10121,user_5,user_92,2361.32,2025-12-21T16:31:42Z,Sydney
TXN_10651,user_95,user_92,3047.46,2025-12-21T10:39:42Z,Sydney
TXN_10618,user_66,user_10,1548.95,2025-12-21T13:55:42Z,Dubai
TXN_10645,user_76,user_58,2292.41,2025-12-21T18:43:42Z,Lagos
TXN_10834,user_28,user_88,2470.41,2025-12-21T18:13:42Z,Dubai
TXN_10464,user_55,user_54,4705.21,2025-12-21T08:12:42Z,Sydney
TXN_10108,user_50,user_48,1848.7,2025-12-21T10:21:42Z,Tokyo
TXN_10758,user_76,user_37,3379.9,2025-12-21T16:27:42Z,Singapore
TXN_10238,user_28,user_81,3963.03,2025-12-21T09:30:42Z,New York
TXN_10314,user_66,user_15,2817.07,2025-12-21T16:50:42Z,Dubai
TXN_10267,user_50,user_21,495.68,2025-12-21T12:07:42Z,Sydney
TXN_10078,user_43,user_59,2835.19,2025-12-21T12:42:42Z,London
TXN_10444,user_65,user_29,699.14,2025-12-21T12:31:42Z,New York
TXN_10873,user_72,user_31,1341.44,2025-12-21T18:31:42Z,Berlin
TXN_10424,user_9,user_55,427.1,2025-12-21T15:43:42Z,Lagos
TXN_10361,user_29,user_65,4039.54,2025-12-21T20:17:42Z,Sydney
TXN_10158,user_52,user_6,1401.49,2025-12-21T09:15:42Z,London
TXN_10272,user_98,user_56,979.05,2025-12-21T17:22:42Z,London
TXN_10923,user_88,user_73,3586.91,2025-12-21T11:17:42Z,Singapore
TXN_10875,user_47,user_30,4368.46,2025-12-21T12:45:42Z,Dubai
TXN_10412,user_8,user_59,4194.6,2025-12-21T09:50:42Z,Sydney
TXN_10396,user_92,user_52,3354.35,2025-12-21T14:45:42Z,Paris
TXN_10134,user_21,user_40,4690.57,2025-12-21T11:53:42Z,Lagos
TXN_10365,user_36,user_29,1906.7,2025-12-21T15:04:42Z,Sydney
TXN_10001,user_49,user_5,638.52,2025-12-21T13:11:42Z,Tokyo
TXN_10507,user_48,user_64,3129.89,2025-12-21T09:47:42Z,London
TXN_10002,user_78,user_56,1994.88,2025-12-21T14:15:42Z,Paris
TXN_10817,user_27,user_61,872.89,2025-12-21T13:51:42Z,Berlin
TXN_10613,user_20,user_34,2520.29,2025-12-21T20:05:42Z,London
TXN_10212,user_63,user_51,338.76,2025-12-21T20:00:42Z,New York
TXN_10588,user_43,user_33,3144.45,2025-12-21T17:51:42Z,New York
TXN_10736,user_82,user_43,3312.38,2025-12-21T19:41:42Z,Singapore
TXN_10711,user_38,user_70,2417.32,2025-12-21T10:00:42Z,Paris
TXN_10765,user_62,user_97,2357.2,2025-12-21T13:02:42Z,Dubai
TXN_10775,user_71,user_48,2523.72,2025-12-21T11:29:42Z,Dubai
TXN_10328,user_68,user_61,1327.81,2025-12-21T09:36:42Z,Singapore
TXN_10846,user_52,user_29,4185.19,2025-12-21T09:10:42Z,New York
TXN_GPA_03,user_26,user_27,10000.0,2025-12-21T10:21:42Z,Singapore
TXN_10252,user_46,user_51,2985.11,2025-12-21T11:20:42Z,Paris
TXN_10418,user_87,user_98,3472.02,2025-12-21T11:38:42Z,Singapore
TXN_10581,user_62,user_41,1681.12,2025-12-21T16:34:42Z,Lagos
TXN_10922,user_31,user_69,1578.78,2025-12-21T19:26:42Z,New York
TXN_10786,user_50,user_56,4248.81,2025-12-21T15:37:42Z,Singapore
TXN_10637,user_78,user_58,2412.6,2025-12-21T15:14:42Z,Lagos
TXN_10694,user_16,user_82,4239.57,2025-12-21T13:11:42Z,Mumbai
TXN_10566,user_55,user_17,4526.9,2025-12-21T17:18:42Z,New York
TXN_10713,user_25,user_23,2599.35,2025-12-21T17:12:42Z,Mumbai
TXN_10305,user_26,user_20,706.28,2025-12-21T09:43:42Z,New York
TXN_10042,user_42,user_68,3311.62,2025-12-21T13:15:42Z,Mumbai
TXN_10924,user_65,user_46,3741.01,2025-12-21T12:30:42Z,Berlin
TXN_10144,user_52,user_69,2538.58,2025-12-21T14:36:42Z,Mumbai
TXN_10206,user_2,user_51,3231.11,2025-12-21T17:29:42Z,Paris
TXN_10818,user_44,user_17,2103.78,2025-12-21T18:02:42Z,New York
TXN_10526,user_75,user_22,888.59,2025-12-21T18:02:42Z,Dubai
TXN_10205,user_62,user_92,479.99,2025-12-21T19:47:42Z,Dubai
TXN_10030,user_44,user_63,1772.78,2025-12-21T19:13:42Z,New York
TXN_10437,user_22,user_66,2630.51,2025-12-21T19:31:42Z,Mumbai
TXN_10366,user_33,user_1,4113.87,2025-12-21T12:52:42Z,Tokyo
TXN_10041,user_84,user_8,1932.52,2025-12-21T16:50:42Z,Tokyo
TXN_10607,user_60,user_24,4538.01,2025-12-21T15:50:42Z,Singapore
TXN_10555,user_56,user_85,2435.99,2025-12-21T11:24:42Z,Dubai
TXN_10524,user_14,user_18,3060.16,2025-12-21T15:04:42Z,Sydney
TXN_10428,user_69,user_18,4718.04,2025-12-21T10:54:42Z,Tokyo
TXN_10550,user_32,user_18,425.17,2025-12-21T11:19:42Z,Mumbai
TXN_10714,user_57,user_1,1700.8,2025-12-21T08:08:42Z,New York
TXN_10722,user_23,user_97,2552.65,2025-12-21T09:57:42Z,Dubai
TXN_10236,user_10,user_16,162.88,2025-12-21T15:56:42Z,Dubai
TXN_10013,user_25,user_46,1311.14,2025-12-21T15:11:42Z,Tokyo
TXN_10878,user_61,user_34,698.91,2025-12-21T08:46:42Z,Dubai
TXN_10773,user_31,user_44,4422.65,2025-12-21T10:09:42Z,Lagos
TXN_10390,user_33,user_32,576.29,2025-12-21T16:27:42Z,New York
TXN_10654,user_72,user_41,2634.4,2025-12-21T11:15:42Z,Paris
TXN_10887,user_53,user_91,4838.15,2025-12-21T08:18:42Z,Sydney
TXN_10006,user_52,user_7,2233.27,2025-12-21T13:03:42Z,Sydney
TXN_10503,user_7,user_69,1472.01,2025-12-21T17:40:42Z,Lagos
TXN_10895,user_72,user_53,516.8,2025-12-21T18:41:42Z,Sydney
TXN_10481,user_95,user_35,2659.25,2025-12-21T11:00:42Z,Tokyo
TXN_10346,user_74,user_100,1584.38,2025-12-21T10:06:42Z,New York
TXN_10517,user_100,user_30,3320.1,2025-12-21T16:16:42Z,Mumbai
TXN_10230,user_51,user_83,4708.14,2025-12-21T14:37:42Z,Paris
TXN_10429,user_27,user_89,820.1,2025-12-21T19:26:42Z,New York
TXN_10433,user_44,user_20,2425.26,2025-12-21T09:49:42Z,London
TXN_10194,user_84,user_90,3238.02,2025-12-21T15:31:42Z,London
TXN_10284,user_60,user_66,4893.7,2025-12-21T13:22:42Z,Dubai
TXN_10598,user_53,user_32,136.04,2025-12-21T16:42:42Z,Tokyo
TXN_10120,user_20,user_39,3214.95,2025-12-21T11:21:42Z,Singapore
TXN_10764,user_89,user_51,2287.83,2025-12-21T13:10:42Z,New York
TXN_10489,user_17,user_23,2542.62,2025-12-21T10:27:42Z,Tokyo
TXN_10869,user_61,user_1,1025.16,2025-12-21T10:44:42Z,Sydney
TXN_10647,user_29,user_28,2800.67,2025-12-21T08:10:42Z,London
TXN_10382,user_37,user_99,1198.15,2025-12-21T14:22:42Z,Berlin
TXN_10222,user_18,user_14,4147.87,2025-12-21T08:43:42Z,Lagos
TXN_10224,user_52,user_21,4727.96,2025-12-21T10:24:42Z,Berlin
TXN_10115,user_7,user_3,4006.65,2025-12-21T17:25:42Z,Singapore
TXN_10113,user_19,user_78,1400.22,2025-12-21T15:01:42Z,Tokyo
TXN_10373,user_57,user_83,301.55,2025-12-21T08:26:42Z,Berlin
TXN_ERR_01,user_1,user_2,0.0,2025-12-22T22:21:42Z,Mumbai
TXN_10105,user_34,user_100,2929.37,2025-12-21T16:57:42Z,Mumbai
TXN_10102,user_17,user_61,1489.27,2025-12-21T08:12:42Z,Sydney
TXN_10097,user_98,user_94,2644.16,2025-12-21T13:44:42Z,Dubai
TXN_10815,user_15,user_85,4978.18,2025-12-21T09:02:42Z,Berlin
TXN_10707,user_3,user_25,909.28,2025-12-21T08:07:42Z,Tokyo
TXN_10782,user_50,user_68,1542.79,2025-12-21T16:32:42Z,Singapore
TXN_10606,user_45,user_41,3029.55,2025-12-21T17:17:42Z,Mumbai
TXN_10085,user_48,user_63,770.04,2025-12-21T13:01:42Z,London
TXN_10816,user_95,user_18,3502.84,2025-12-21T08:39:42Z,Berlin
TXN_10164,user_13,user_70,820.45,2025-12-21T17:01:42Z,Sydney
TXN_10699,user_44,user_99,391.57,2025-12-21T10:01:42Z,Tokyo
TXN_10025,user_4,user_42,468.28,2025-12-21T19:29:42Z,Tokyo
TXN_10343,user_35,user_96,1885.14,2025-12-21T12:58:42Z,Sydney
TXN_10445,user_96,user_39,1538.92,2025-12-21T17:35:42Z,Paris
TXN_10565,user_31,user_63,2304.24,2025-12-21T15:45:42Z,Mumbai
TXN_10908,user_25,user_96,4783.84,2025-12-21T18:08:42Z,Singapore
TXN_10668,user_15,user_73,1246.91,2025-12-21T16:11:42Z,Sydney
TXN_10574,user_12,user_49,2541.07,2025-12-21T09:03:42Z,Paris
TXN_10452,user_67,user_75,2562.55,2025-12-21T07:39:42Z,Mumbai
TXN_10636,user_38,user_35,2545.58,2025-12-21T10:36:42Z,London
TXN_10269,user_94,user_62,4667.8,2025-12-21T15:21:42Z,Dubai
TXN_10515,user_63,user_95,1782.47,2025-12-21T19:49:42Z,Mumbai
TXN_10748,user_15,user_94,1004.86,2025-12-21T08:28:42Z,Sydney
TXN_10045,user_81,user_65,3622.57,2025-12-21T07:32:42Z,Lagos
TXN_10228,user_44,user_91,613.51,2025-12-21T10:23:42Z,Tokyo
TXN_10646,user_32,user_77,4675.38,2025-12-21T10:55:42Z,Tokyo
TXN_10014,user_11,user_1,2485.26,2025-12-21T08:28:42Z,Singapore
TXN_ERR_02,user_3,user_4,-50.0,2025-12-22T22:21:42Z,New York
TXN_10067,user_14,user_48,3531.43,2025-12-21T12:11:42Z,Lagos
TXN_10915,user_16,user_23,1551.43,2025-12-21T18:04:42Z,Singapore
TXN_10539,user_58,user_47,668.29,2025-12-21T16:00:42Z,Paris
TXN_10296,user_52,user_37,815.06,2025-12-21T08:18:42Z,Tokyo
TXN_10128,user_5,user_85,1253.32,2025-12-21T20:19:42Z,Lagos
TXN_10482,user_71,user_53,2152.77,2025-12-21T19:52:42Z,Lagos
TXN_10825,user_67,user_76,1497.92,2025-12-21T13:40:42Z,London
TXN_10827,user_91,user_43,109.47,2025-12-21T13:50:42Z,Sydney
TXN_10202,user_72,user_30,1573.31,2025-12-21T18:38:42Z,Berlin
TXN_10295,user_91,user_25,1115.03,2025-12-21T15:47:42Z,Mumbai
TXN_10549,user_3,user_22,1473.46,2025-12-21T11:17:42Z,Lagos
TXN_10065,user_6,user_94,1510.81,2025-12-21T19:19:42Z,Paris
TXN_10679,user_50,user_77,369.16,2025-12-21T16:39:42Z,Sydney
TXN_10838,user_23,user_8,4845.88,2025-12-21T09:49:42Z,Lagos
TXN_10095,user_22,user_72,3164.23,2025-12-21T10:33:42Z,Tokyo
TXN_10170,user_53,user_26,2005.54,2025-12-21T17:36:42Z,Sydney
TXN_10874,user_47,user_13,3343.23,2025-12-21T15:31:42Z,Singapore
TXN_10708,user_86,user_36,1511.7,2025-12-21T12:54:42Z,New York
TXN_10585,user_5,user_98,4910.26,2025-12-21T16:08:42Z,Dubai
TXN_10920,user_39,user_3,2670.89,2025-12-21T13:40:42Z,Mumbai
TXN_10862,user_32,user_81,4991.75,2025-12-21T09:38:42Z,Berlin
TXN_10894,user_71,user_26,4458.6,2025-12-21T16:16:42Z,New York
TXN_10086,user_13,user_85,218.3,2025-12-21T09:00:42Z,Sydney
TXN_10258,user_53,user_31,1071.8,2025-12-21T19:18:42Z,New York
TXN_10480,user_27,user_28,4400.7,2025-12-21T17:58:42Z,Berlin
TXN_ML_02,user_12,user_13,1500.0,2025-12-21T01:36:42Z,Paris
TXN_GPA_05,user_28,user_26,10000.0,2025-12-21T12:21:42Z,Singapore
TXN_10218,user_50,user_2,386.69,2025-12-21T10:22:42Z,New York
TXN_10761,user_26,user_24,1530.73,2025-12-21T17:19:42Z,New York
TXN_10692,user_70,user_95,4747.42,2025-12-21T18:20:42Z,Sydney
TXN_10319,user_30,user_73,2342.87,2025-12-21T09:52:42Z,Berlin
TXN_10438,user_75,user_48,851.34,2025-12-21T15:11:42Z,Paris
TXN_10509,user_79,user_99,3853.08,2025-12-21T09:24:42Z,Dubai
TXN_10080,user_50,user_34,3067.43,2025-12-21T15:57:42Z,Dubai
TXN_10262,user_24,user_84,1206.69,2025-12-21T19:20:42Z,Dubai
TXN_10858,user_88,user_53,4772.58,2025-12-21T12:09:42Z,Lagos
TXN_10268,user_55,user_3,4562.33,2025-12-21T12:34:42Z,Lagos
TXN_10459,user_60,user_15,2610.91,2025-12-21T13:14:42Z,New York
TXN_10567,user_37,user_61,1210.44,2025-12-21T16:32:42Z,Mumbai
TXN_10840,user_47,user_77,1433.8,2025-12-21T14:05:42Z,London
TXN_10063,user_18,user_86,849.91,2025-12-21T12:41:42Z,London
TXN_10211,user_19,user_88,2783.89,2025-12-21T09:49:42Z,Sydney
TXN_10562,user_61,user_10,107.19,2025-12-21T19:14:42Z,London
TXN_10523,user_70,user_13,4834.53,2025-12-21T14:10:42Z,Paris
TXN_10227,user_61,user_100,2949.07,2025-12-21T17:02:42Z,Sydney
TXN_10814,user_20,user_84,2383.53,2025-12-21T18:31:42Z,Mumbai
TXN_10576,user_12,user_9,1688.66,2025-12-21T15:43:42Z,Dubai
TXN_10422,user_32,user_13,4101.6,2025-12-21T07:36:42Z,Singapore
TXN_10688,user_53,user_7,4357.47,2025-12-21T17:40:42Z,Sydney
TXN_10332,user_63,user_89,1173.48,2025-12-21T10:57:42Z,Tokyo
TXN_10053,user_52,user_6,2218.51,2025-12-21T13:30:42Z,New York
TXN_10193,user_78,user_41,4080.92,2025-12-21T11:51:42Z,Berlin
TXN_10179,user_74,user_81,358.01,2025-12-21T19:41:42Z,Mumbai
TXN_10397,user_14,user_12,2668.54,2025-12-21T10:41:42Z,London
TXN_10478,user_16,user_46,2923.75,2025-12-21T08:15:42Z,Sydney
TXN_10181,user_30,user_68,980.07,2025-12-21T12:55:42Z,New York
TXN_10079,user_49,user_76,1939.15,2025-12-21T14:53:42Z,London
TXN_10808,user_60,user_100,2359.69,2025-12-21T20:18:42Z,New York
TXN_10882,user_11,user_71,1990.87,2025-12-21T18:01:42Z,London
TXN_10911,user_99,user_63,1085.21,2025-12-21T14:58:42Z,London
TXN_10416,user_60,user_29,3656.74,2025-12-21T16:49:42Z,Sydney
TXN_10368,user_96,user_4,327.44,2025-12-21T08:50:42Z,Singapore
TXN_10545,user_13,user_64,680.67,2025-12-21T13:40:42Z,New York
TXN_10372,user_13,user_90,3627.59,2025-12-21T19:58:42Z,Lagos
TXN_10745,user_87,user_56,1347.85,2025-12-21T16:08:42Z,Lagos
TXN_10430,user_18,user_77,2871.0,2025-12-21T15:24:42Z,Dubai
TXN_10733,user_98,user_97,153.54,2025-12-21T17:45:42Z,New York
TXN_10542,user_67,user_28,4924.64,2025-12-21T13:59:42Z,Mumbai
TXN_10354,user_23,user_73,343.58,2025-12-21T12:13:42Z,Sydney
TXN_10680,user_31,user_3,4482.66,2025-12-21T16:14:42Z,Singapore
TXN_10498,user_26,user_29,631.69,2025-12-21T12:56:42Z,Lagos
TXN_10787,user_30,user_19,4758.21,2025-12-21T19:01:42Z,Berlin
TXN_10226,user_76,user_23,590.7,2025-12-21T17:40:42Z,London
TXN_10352,user_11,user_45,2857.49,2025-12-21T18:50:42Z,London
TXN_10644,user_80,user_8,1525.67,2025-12-21T09:39:42Z,Mumbai
TXN_10092,user_49,user_89,1211.93,2025-12-21T14:59:42Z,New York
TXN_10661,user_98,user_37,3903.95,2025-12-21T18:09:42Z,Mumbai
TXN_10213,user_33,user_63,3407.66,2025-12-21T14:00:42Z,Dubai
TXN_10184,user_32,user_95,2095.89,2025-12-21T19:24:42Z,Mumbai
TXN_10454,user_10,user_3,745.75,2025-12-21T12:20:42Z,Dubai
TXN_10672,user_11,user_6,1115.64,2025-12-21T11:27:42Z,Dubai
TXN_10197,user_41,user_45,3794.19,2025-12-21T07:21:42Z,Mumbai
TXN_10483,user_76,user_7,2670.67,2025-12-21T07:34:42Z,Paris
TXN_10938,user_98,user_83,315.65,2025-12-21T17:08:42Z,New York
TXN_10441,user_51,user_14,4038.23,2025-12-21T15:40:42Z,London
TXN_10685,user_59,user_48,2562.45,2025-12-21T13:31:42Z,Singapore
TXN_10331,user_9,user_13,652.44,2025-12-21T11:39:42Z,Paris
TXN_10327,user_55,user_14,1544.58,2025-12-21T19:54:42Z,Sydney
TXN_10056,user_6,user_30,2940.23,2025-12-21T12:46:42Z,Lagos
TXN_10210,user_18,user_10,745.45,2025-12-21T17:41:42Z,London
TXN_10266,user_6,user_95,4904.95,2025-12-21T15:39:42Z,Dubai
TXN_10571,user_63,user_95,2340.51,2025-12-21T14:30:42Z,Lagos
TXN_10638,user_16,user_47,220.26,2025-12-21T20:05:42Z,Dubai
TXN_10035,user_67,user_22,4973.15,2025-12-21T18:50:42Z,Lagos
TXN_10057,user_68,user_56,4422.98,2025-12-21T17:23:42Z,Mumbai
TXN_10676,user_58,user_69,248.01,2025-12-21T16:28:42Z,Paris
TXN_10292,user_96,user_6,1518.38,2025-12-21T18:52:42Z,Mumbai
TXN_10662,user_61,user_80,4375.99,2025-12-21T07:40:42Z,Paris
TXN_10796,user_43,user_38,3650.19,2025-12-21T16:40:42Z,Dubai
TXN_10561,user_74,user_61,1006.4,2025-12-21T08:27:42Z,Mumbai
TXN_10621,user_15,user_31,2295.68,2025-12-21T17:29:42Z,Lagos
TXN_10721,user_31,user_38,827.56,2025-12-21T19:11:42Z,Paris
TXN_10081,user_86,user_5,3077.18,2025-12-21T12:29:42Z,Sydney
TXN_10852,user_67,user_82,4111.28,2025-12-21T10:54:42Z,Singapore
TXN_10145,user_91,user_55,1226.49,2025-12-21T14:41:42Z,New York
TXN_10622,user_38,user_9,4180.27,2025-12-21T18:12:42Z,Dubai
TXN_10781,user_20,user_12,4715.19,2025-12-21T12:25:42Z,Berlin
TXN_10510,user_36,user_31,261.45,2025-12-21T19:28:42Z,Sydney
TXN_10004,user_5,user_14,3039.58,2025-12-21T15:00:42Z,Paris
TXN_10718,user_75,user_41,4031.81,2025-12-21T12:54:42Z,Lagos
TXN_10339,user_18,user_14,4302.84,2025-12-21T16:17:42Z,Lagos
TXN_10899,user_3,user_35,3666.35,2025-12-21T16:08:42Z,Paris
TXN_10850,user_8,user_72,2465.76,2025-12-21T14:24:42Z,Lagos
TXN_10070,user_44,user_97,4165.84,2025-12-21T16:26:42Z,Sydney
TXN_10868,user_88,user_52,1662.1,2025-12-21T12:05:42Z,Tokyo
TXN_10160,user_29,user_78,2295.3,2025-12-21T19:12:42Z,Dubai
TXN_10386,user_46,user_23,4171.65,2025-12-21T20:17:42Z,London
TXN_10512,user_6,user_28,2584.39,2025-12-21T14:37:42Z,London
TXN_10670,user_27,user_33,1104.67,2025-12-21T12:09:42Z,London
TXN_10157,user_51,user_62,3144.31,2025-12-21T13:31:42Z,Paris
TXN_10132,user_22,user_95,2928.67,2025-12-21T20:17:42Z,Tokyo
TXN_10632,user_10,user_9,275.38,2025-12-21T12:10:42Z,London
TXN_10297,user_8,user_69,4079.63,2025-12-21T14:06:42Z,Mumbai
TXN_10135,user_94,user_100,4526.43,2025-12-21T16:16:42Z,Sydney
TXN_10183,user_17,user_31,4899.72,2025-12-21T18:55:42Z,New York
TXN_10241,user_1,user_56,729.45,2025-12-21T10:20:42Z,Dubai
TXN_10231,user_58,user_13,1354.88,2025-12-21T11:08:42Z,Dubai
TXN_10805,user_63,user_90,4551.03,2025-12-21T12:21:42Z,Paris
TXN_10146,user_41,user_98,1742.82,2025-12-21T19:57:42Z,Mumbai
TXN_10689,user_80,user_51,176.31,2025-12-21T12:18:42Z,Berlin
TXN_10110,user_10,user_38,1844.06,2025-12-21T08:59:42Z,Paris
TXN_10150,user_54,user_33,347.12,2025-12-21T12:07:42Z,London
TXN_10071,user_30,user_1,818.17,2025-12-21T18:47:42Z,Lagos
TXN_10798,user_5,user_33,4760.72,2025-12-21T17:15:42Z,London
TXN_10727,user_99,user_100,2554.29,2025-12-21T07:25:42Z,Sydney
TXN_10946,user_17,user_5,3263.63,2025-12-21T07:51:42Z,Mumbai
TXN_10215,user_35,user_16,296.94,2025-12-21T16:46:42Z,Paris
TXN_10425,user_6,user_43,2536.97,2025-12-21T12:49:42Z,Berlin
TXN_10656,user_8,user_2,4015.38,2025-12-21T18:46:42Z,Lagos
TXN_10634,user_34,user_2,2443.85,2025-12-21T14:01:42Z,Singapore
TXN_10674,user_17,user_75,4416.26,2025-12-21T10:17:42Z,Dubai
TXN_10022,user_46,user_4,1468.23,2025-12-21T18:32:42Z,Dubai
TXN_10033,user_70,user_45,4986.79,2025-12-21T11:46:42Z,Singapore
TXN_10177,user_88,user_77,2883.61,2025-12-21T07:45:42Z,Dubai
TXN_10334,user_26,user_30,4364.09,2025-12-21T16:38:42Z,Lagos
TXN_10918,user_63,user_90,1521.02,2025-12-21T14:02:42Z,Mumbai
TXN_10220,user_46,user_66,1850.78,2025-12-21T18:32:42Z,Sydney
TXN_10937,user_54,user_50,4521.62,2025-12-21T12:57:42Z,Tokyo
TXN_10038,user_58,user_4,4191.5,2025-12-21T14:34:42Z,Singapore
TXN_10719,user_40,user_67,292.69,2025-12-21T16:08:42Z,New York
TXN_10107,user_5,user_70,4786.39,2025-12-21T10:06:42Z,Singapore
TXN_10504,user_49,user_82,3342.35,2025-12-21T13:39:42Z,Paris
TXN_10072,user_36,user_37,1094.73,2025-12-21T09:43:42Z,Paris
TXN_10693,user_4,user_75,4193.2,2025-12-21T12:34:42Z,Sydney
TXN_10901,user_15,user_92,3484.25,2025-12-21T07:21:42Z,Tokyo
TXN_10476,user_40,user_83,2679.14,2025-12-21T09:53:42Z,Berlin
TXN_10306,user_79,user_62,3067.16,2025-12-21T10:23:42Z,Paris
TXN_10570,user_55,user_97,1100.79,2025-12-21T10:49:42Z,Paris
TXN_10015,user_92,user_40,2023.07,2025-12-21T17:27:42Z,London
TXN_10715,user_89,user_8,3104.6,2025-12-21T14:29:42Z,Paris
TXN_10690,user_94,user_65,113.09,2025-12-21T15:16:42Z,Lagos
TXN_10792,user_85,user_43,4764.67,2025-12-21T12:14:42Z,Lagos
TXN_10303,user_40,user_23,1225.31,2025-12-21T08:43:42Z,Singapore
TXN_10944,user_6,user_20,3677.52,2025-12-21T09:19:42Z,Paris
TXN_10547,user_3,user_41,3243.92,2025-12-21T09:27:42Z,Lagos
TXN_10577,user_40,user_68,2903.37,2025-12-21T11:52:42Z,Dubai
TXN_10143,user_52,user_82,3180.38,2025-12-21T17:22:42Z,Mumbai
TXN_10797,user_82,user_20,2346.97,2025-12-21T13:21:42Z,Lagos
TXN_10281,user_100,user_32,4234.63,2025-12-21T10:50:42Z,Mumbai
TXN_10278,user_61,user_98,3731.31,2025-12-21T08:37:42Z,Sydney
TXN_10681,user_81,user_69,2568.87,2025-12-21T11:21:42Z,Dubai
TXN_10449,user_64,user_47,442.64,2025-12-21T13:18:42Z,New York
TXN_10323,user_66,user_7,2566.13,2025-12-21T09:01:42Z,New York
TXN_10024,user_70,user_14,1208.59,2025-12-21T14:06:42Z,London
TXN_10717,user_39,user_24,1041.41,2025-12-21T16:27:42Z,Lagos
TXN_10141,user_78,user_23,3577.53,2025-12-21T18:37:42Z,Singapore
TXN_10853,user_64,user_96,539.63,2025-12-21T12:14:42Z,Lagos
TXN_10187,user_67,user_68,1625.38,2025-12-21T16:13:42Z,Mumbai
TXN_10702,user_57,user_54,2823.74,2025-12-21T14:46:42Z,London
TXN_10902,user_62,user_79,884.92,2025-12-21T09:22:42Z,Paris
TXN_10034,user_87,user_51,4439.75,2025-12-21T19:09:42Z,Sydney
TXN_10743,user_47,user_62,3289.46,2025-12-21T19:48:42Z,New York
TXN_10810,user_7,user_71,2886.16,2025-12-21T13:33:42Z,Singapore
TXN_10251,user_70,user_35,4349.15,2025-12-21T14:50:42Z,Dubai
TXN_10917,user_53,user_100,1622.07,2025-12-21T20:20:42Z,Dubai
TXN_10700,user_61,user_4,2091.94,2025-12-21T13:21:42Z,Dubai
TXN_10276,user_21,user_39,2109.91,2025-12-21T19:36:42Z,Berlin
TXN_10180,user_8,user_51,731.87,2025-12-21T15:13:42Z,Paris
TXN_10687,user_64,user_65,2272.28,2025-12-21T15:59:42Z,London
TXN_10260,user_14,user_71,2632.31,2025-12-21T17:40:42Z,London
TXN_10639,user_38,user_55,2593.71,2025-12-21T09:22:42Z,New York
TXN_10259,user_43,user_28,3592.3,2025-12-21T20:02:42Z,Tokyo
TXN_10948,user_45,user_52,793.89,2025-12-21T12:16:42Z,Dubai
TXN_10505,user_88,user_66,2542.51,2025-12-21T12:33:42Z,London
TXN_10546,user_74,user_35,4465.58,2025-12-21T08:19:42Z,Tokyo
TXN_10686,user_77,user_69,2427.46,2025-12-21T11:10:42Z,London
TXN_10051,user_79,user_73,4405.33,2025-12-21T17:00:42Z,Lagos
TXN_10335,user_8,user_61,4556.43,2025-12-21T16:57:42Z,Sydney
TXN_10671,user_61,user_62,4718.71,2025-12-21T11:13:42Z,Lagos
TXN_10456,user_62,user_93,2266.16,2025-12-21T18:54:42Z,Dubai
TXN_10283,user_56,user_81,3368.34,2025-12-21T09:45:42Z,Sydney
TXN_10426,user_20,user_88,3942.05,2025-12-21T15:46:42Z,New York
TXN_10450,user_28,user_96,872.58,2025-12-21T13:37:42Z,Mumbai
TXN_10525,user_39,user_43,4269.4,2025-12-21T13:15:42Z,Tokyo
TXN_10299,user_80,user_25,4371.65,2025-12-21T07:58:42Z,Berlin
TXN_10614,user_86,user_8,3599.6,2025-12-21T19:29:42Z,Sydney
TXN_10790,user_78,user_66,3396.74,2025-12-21T16:03:42Z,Lagos
TXN_10628,user_25,user_23,1818.53,2025-12-21T16:44:42Z,Sydney
TXN_10595,user_58,user_51,3042.76,2025-12-21T09:40:42Z,New York
TXN_10888,user_63,user_44,2261.19,2025-12-21T11:25:42Z,Dubai
TXN_10066,user_60,user_29,1941.78,2025-12-21T08:18:42Z,New York
TXN_10423,user_86,user_67,1002.63,2025-12-21T07:40:42Z,Singapore
TXN_10769,user_42,user_10,4183.83,2025-12-21T18:12:42Z,Dubai
TXN_10315,user_84,user_43,4906.83,2025-12-21T18:21:42Z,Berlin
TXN_10939,user_10,user_33,672.46,2025-12-21T14:03:42Z,Singapore
TXN_10723,user_75,user_88,3941.07,2025-12-21T17:55:42Z,London
TXN_10207,user_55,user_76,611.4,2025-12-21T12:03:42Z,Berlin
TXN_10659,user_25,user_32,3858.39,2025-12-21T10:49:42Z,London
TXN_10195,user_32,user_3,3815.64,2025-12-21T08:57:42Z,New York
TXN_10237,user_56,user_83,2094.98,2025-12-21T11:12:42Z,Dubai
TXN_10209,user_36,user_2,3336.35,2025-12-21T16:00:42Z,Sydney
TXN_10309,user_45,user_7,1167.57,2025-12-21T18:00:42Z,Paris
TXN_10909,user_38,user_50,2825.95,2025-12-21T19:56:42Z,Dubai
TXN_10499,user_32,user_56,2003.95,2025-12-21T14:46:42Z,Sydney
TXN_10697,user_19,user_52,1568.76,2025-12-21T15:06:42Z,Berlin
TXN_10277,user_9,user_70,436.28,2025-12-21T07:51:42Z,Dubai
TXN_10913,user_74,user_40,4199.12,2025-12-21T13:54:42Z,Singapore
TXN_10691,user_20,user_91,4631.52,2025-12-21T15:24:42Z,Berlin
TXN_10026,user_28,user_55,3513.41,2025-12-21T12:55:42Z,Mumbai
TXN_10741,user_23,user_68,3327.76,2025-12-21T09:03:42Z,Lagos
TXN_10763,user_29,user_46,1571.46,2025-12-21T17:41:42Z,Dubai
TXN_10857,user_40,user_39,2167.22,2025-12-21T15:42:42Z,Mumbai
TXN_10185,user_53,user_35,3348.53,2025-12-21T10:05:42Z,Berlin
TXN_10776,user_32,user_22,1969.92,2025-12-21T19:55:42Z,Berlin
TXN_10330,user_84,user_53,867.03,2025-12-21T11:40:42Z,Tokyo
TXN_10293,user_83,user_15,3342.61,2025-12-21T15:59:42Z,London
TXN_10191,user_46,user_97,2991.77,2025-12-21T12:55:42Z,Berlin
TXN_10788,user_89,user_53,1391.11,2025-12-21T19:02:42Z,Sydney
TXN_10650,user_62,user_34,4903.47,2025-12-21T08:34:42Z,Mumbai
TXN_10755,user_100,user_39,4620.93,2025-12-21T17:22:42Z,London
TXN_10401,user_29,user_46,1344.5,2025-12-21T12:44:42Z,Berlin
TXN_10163,user_9,user_39,393.5,2025-12-21T16:15:42Z,Paris
TXN_10264,user_55,user_32,3986.03,2025-12-21T19:33:42Z,Berlin
TXN_10139,user_59,user_34,2817.75,2025-12-21T15:26:42Z,Berlin
TXN_10140,user_63,user_65,173.3,2025-12-21T12:36:42Z,London
TXN_10934,user_63,user_39,2098.28,2025-12-21T10:56:42Z,Sydney
TXN_10375,user_79,user_43,1837.18,2025-12-21T18:23:42Z,Mumbai
TXN_10559,user_24,user_57,4409.31,2025-12-21T17:23:42Z,Paris
TXN_10518,user_77,user_100,4129.39,2025-12-21T11:57:42Z,Dubai
TXN_10203,user_48,user_67,4855.31,2025-12-21T16:53:42Z,London
TXN_10329,user_33,user_28,1818.3,2025-12-21T09:49:42Z,Lagos
TXN_10069,user_18,user_24,4671.13,2025-12-21T18:00:42Z,Berlin
TXN_10712,user_11,user_52,2894.24,2025-12-21T10:20:42Z,London
TXN_10720,user_21,user_43,4478.75,2025-12-21T15:18:42Z,Paris
TXN_10385,user_65,user_50,2131.19,2025-12-21T11:02:42Z,New York
TXN_10243,user_18,user_85,4649.42,2025-12-21T15:19:42Z,Tokyo
TXN_10531,user_93,user_79,427.61,2025-12-21T19:01:42Z,Lagos
TXN_10587,user_21,user_31,4195.23,2025-12-21T12:20:42Z,Mumbai
TXN_10519,user_86,user_46,3887.71,2025-12-21T19:13:42Z,Tokyo
TXN_10896,user_71,user_31,3554.49,2025-12-21T20:16:42Z,Sydney
TXN_10492,user_33,user_46,1289.71,2025-12-21T08:24:42Z,Tokyo
TXN_10829,user_29,user_99,2042.45,2025-12-21T18:30:42Z,Dubai
TXN_10757,user_57,user_37,1439.58,2025-12-21T15:42:42Z,Berlin
TXN_10159,user_63,user_11,168.41,2025-12-21T17:40:42Z,Mumbai
TXN_10735,user_75,user_2,2123.85,2025-12-21T13:37:42Z,Singapore
TXN_10248,user_84,user_57,789.97,2025-12-21T08:04:42Z,Lagos
TXN_10370,user_59,user_87,3704.07,2025-12-21T10:59:42Z,Tokyo
TXN_10153,user_78,user_38,1453.66,2025-12-21T08:54:42Z,Berlin
TXN_10142,user_62,user_32,4652.75,2025-12-21T11:54:42Z,Paris
TXN_10204,user_41,user_50,3279.64,2025-12-21T17:21:42Z,Sydney
TXN_10865,user_25,user_7,2456.34,2025-12-21T19:10:42Z,Berlin
TXN_10573,user_69,user_10,4707.71,2025-12-21T09:38:42Z,New York
TXN_10826,user_34,user_79,4248.29,2025-12-21T12:58:42Z,Mumbai
TXN_10669,user_21,user_9,323.17,2025-12-21T20:02:42Z,New York
TXN_10196,user_76,user_62,2289.91,2025-12-21T11:10:42Z,Singapore
TXN_10751,user_69,user_40,4960.36,2025-12-21T19:08:42Z,Dubai
TXN_10592,user_65,user_22,307.58,2025-12-21T13:17:42Z,London
TXN_10746,user_34,user_10,262.38,2025-12-21T07:23:42Z,Berlin
TXN_10126,user_25,user_60,975.35,2025-12-21T19:09:42Z,Tokyo
TXN_10473,user_48,user_65,3062.44,2025-12-21T13:14:42Z,Berlin
TXN_10759,user_7,user_86,4795.43,2025-12-21T08:19:42Z,London
TXN_10201,user_95,user_20,3375.33,2025-12-21T18:09:42Z,Mumbai
TXN_10101,user_94,user_69,535.01,2025-12-21T19:30:42Z,London
TXN_10885,user_70,user_14,1596.54,2025-12-21T12:24:42Z,Sydney
TXN_10930,user_86,user_96,1712.01,2025-12-21T10:25:42Z,London
TXN_10610,user_60,user_26,4483.69,2025-12-21T19:19:42Z,Tokyo
TXN_10624,user_12,user_83,420.28,2025-12-21T13:33:42Z,Sydney
TXN_10302,user_69,user_75,1523.47,2025-12-21T17:05:42Z,Berlin
TXN_10784,user_34,user_74,2229.57,2025-12-21T16:45:42Z,Singapore
TXN_10088,user_67,user_13,2371.63,2025-12-21T15:25:42Z,London
TXN_10257,user_3,user_39,442.78,2025-12-21T09:20:42Z,Berlin
TXN_10093,user_9,user_44,3522.19,2025-12-21T15:34:42Z,Sydney
TXN_10345,user_23,user_75,4556.7,2025-12-21T19:18:42Z,Paris
TXN_10061,user_83,user_28,4467.52,2025-12-21T07:24:42Z,Mumbai
TXN_10724,user_7,user_26,171.44,2025-12-21T14:54:42Z,London
TXN_10023,user_79,user_2,3375.45,2025-12-21T08:14:42Z,Mumbai
TXN_10891,user_99,user_34,1857.32,2025-12-21T07:28:42Z,Singapore
TXN_10601,user_43,user_18,3648.11,2025-12-21T11:16:42Z,Singapore
TXN_10876,user_5,user_55,4466.58,2025-12-21T19:26:42Z,Dubai
TXN_10485,user_9,user_89,2240.37,2025-12-21T09:58:42Z,Mumbai
TXN_10767,user_33,user_95,2048.23,2025-12-21T16:10:42Z,Berlin
TXN_10705,user_76,user_41,2397.97,2025-12-21T08:15:42Z,Mumbai
TXN_10479,user_4,user_48,2519.21,2025-12-21T16:52:42Z,New York
TXN_10340,user_15,user_13,4031.57,2025-12-21T19:44:42Z,Tokyo
TXN_10809,user_39,user_99,952.94,2025-12-21T12:03:42Z,New York
TXN_10631,user_79,user_37,462.29,2025-12-21T15:39:42Z,Singapore
TXN_10460,user_23,user_39,363.85,2025-12-21T07:44:42Z,Sydney
TXN_10388,user_91,user_68,4032.99,2025-12-21T16:16:42Z,Lagos
TXN_10312,user_84,user_49,4644.64,2025-12-21T11:17:42Z,Dubai
TXN_10451,user_69,user_6,2374.08,2025-12-21T09:10:42Z,Tokyo
TXN_10008,user_43,user_89,2763.5,2025-12-21T10:55:42Z,Tokyo
TXN_10513,user_99,user_30,4398.22,2025-12-21T12:17:42Z,Sydney
TXN_10541,user_65,user_49,3418.02,2025-12-21T19:21:42Z,New York
TXN_10398,user_53,user_20,4342.3,2025-12-21T15:09:42Z,Lagos
TXN_10738,user_66,user_24,3168.79,2025-12-21T17:59:42Z,London
TXN_10232,user_3,user_52,1217.49,2025-12-21T08:09:42Z,New York
TXN_10217,user_10,user_78,1438.79,2025-12-21T09:02:42Z,Lagos
TXN_10783,user_36,user_1,2341.1,2025-12-21T14:20:42Z,Berlin
TXN_10921,user_98,user_23,3479.15,2025-12-21T14:40:42Z,Lagos
TXN_10336,user_61,user_73,4862.23,2025-12-21T15:38:42Z,Singapore
TXN_10043,user_28,user_30,964.48,2025-12-21T08:26:42Z,Sydney
TXN_10831,user_14,user_88,3335.65,2025-12-21T10:58:42Z,Tokyo
TXN_10342,user_17,user_100,2002.11,2025-12-21T09:46:42Z,Sydney
TXN_10136,user_56,user_58,419.54,2025-12-21T20:17:42Z,Singapore
TXN_10029,user_23,user_15,1739.96,2025-12-21T15:36:42Z,New York
TXN_10747,user_6,user_51,701.53,2025-12-21T17:27:42Z,Singapore
TXN_10407,user_85,user_53,3969.84,2025-12-21T12:43:42Z,Tokyo
TXN_10771,user_87,user_62,501.18,2025-12-21T07:57:42Z,Dubai
TXN_10442,user_100,user_23,3265.94,2025-12-21T12:58:42Z,Sydney
TXN_10704,user_7,user_78,2777.09,2025-12-21T10:03:42Z,Singapore
TXN_10582,user_78,user_64,2535.93,2025-12-21T09:36:42Z,Berlin
TXN_10612,user_4,user_41,1460.39,2025-12-21T10:43:42Z,Mumbai
TXN_10772,user_5,user_87,1416.1,2025-12-21T18:54:42Z,Tokyo
TXN_10820,user_8,user_69,3968.33,2025-12-21T16:02:42Z,Lagos
TXN_10103,user_40,user_33,2541.8,2025-12-21T16:22:42Z,Sydney
TXN_10558,user_83,user_73,301.44,2025-12-21T19:00:42Z,Lagos
TXN_10037,user_16,user_8,4300.93,2025-12-21T07:30:42Z,Singapore
TXN_10304,user_86,user_23,1020.02,2025-12-21T08:05:42Z,London
TXN_10468,user_25,user_6,1455.02,2025-12-21T12:59:42Z,New York
TXN_10649,user_11,user_45,1472.19,2025-12-21T15:49:42Z,Dubai
TXN_10516,user_29,user_30,3525.8,2025-12-21T07:31:42Z,Berlin
TXN_10427,user_79,user_39,384.87,2025-12-21T08:57:42Z,Dubai
TXN_10393,user_80,user_85,2049.14,2025-12-21T20:17:42Z,Paris
TXN_10600,user_16,user_53,1564.05,2025-12-21T10:45:42Z,Paris
TXN_10414,user_12,user_48,249.08,2025-12-21T19:35:42Z,Singapore
TXN_10903,user_1,user_73,326.08,2025-12-21T08:30:42Z,Paris
TXN_10036,user_19,user_20,1646.61,2025-12-21T09:34:42Z,Lagos
TXN_10936,user_43,user_38,269.16,2025-12-21T11:52:42Z,Tokyo
TXN_10762,user_97,user_22,4387.29,2025-12-21T16:57:42Z,Dubai
TXN_10064,user_48,user_23,3174.62,2025-12-21T13:26:42Z,Paris
TXN_10529,user_42,user_6,303.21,2025-12-21T17:23:42Z,Lagos
TXN_10290,user_53,user_72,2752.39,2025-12-21T12:09:42Z,Dubai
TXN_10410,user_98,user_66,4800.46,2025-12-21T07:38:42Z,Sydney
TXN_10192,user_58,user_67,4203.4,2025-12-21T13:03:42Z,Dubai
TXN_10005,user_69,user_32,3024.57,2025-12-21T17:11:42Z,Paris
TXN_10535,user_41,user_27,178.0,2025-12-21T16:12:42Z,New York
TXN_10130,user_99,user_58,3099.99,2025-12-21T07:57:42Z,Sydney
TXN_10009,user_53,user_48,2250.14,2025-12-21T11:22:42Z,Berlin
TXN_10802,user_81,user_35,2453.02,2025-12-21T10:06:42Z,New York
TXN_10780,user_49,user_90,3114.17,2025-12-21T14:10:42Z,Paris
TXN_10294,user_79,user_69,1253.15,2025-12-21T14:45:42Z,New York
TXN_10286,user_93,user_12,397.76,2025-12-21T07:46:42Z,Singapore
TXN_10098,user_55,user_85,4595.63,2025-12-21T19:39:42Z,Singapore
TXN_10841,user_96,user_84,2449.18,2025-12-21T13:59:42Z,Singapore
TXN_10851,user_12,user_92,1003.94,2025-12-21T08:08:42Z,Lagos
TXN_10288,user_92,user_37,606.73,2025-12-21T20:11:42Z,Dubai
TXN_10837,user_91,user_45,752.76,2025-12-21T13:20:42Z,Sydney
TXN_10379,user_13,user_28,1240.63,2025-12-21T11:50:42Z,Singapore
TXN_10753,user_57,user_39,4055.3,2025-12-21T09:05:42Z,London
TXN_10114,user_46,user_83,1392.36,2025-12-21T18:25:42Z,Singapore
TXN_10263,user_92,user_65,3226.24,2025-12-21T15:36:42Z,New York
TXN_10087,user_70,user_84,1818.62,2025-12-21T13:49:42Z,Mumbai
TXN_10652,user_78,user_55,4019.51,2025-12-21T17:52:42Z,Lagos
TXN_10307,user_52,user_7,635.21,2025-12-21T14:16:42Z,Lagos
TXN_10643,user_85,user_93,3828.7,2025-12-21T17:33:42Z,Singapore
TXN_10458,user_22,user_6,1839.71,2025-12-21T15:08:42Z,Singapore
TXN_10658,user_31,user_14,1621.97,2025-12-21T16:01:42Z,Paris
TXN_10392,user_35,user_89,3141.49,2025-12-21T13:44:42Z,Berlin
TXN_10603,user_90,user_88,4659.18,2025-12-21T10:39:42Z,Singapore
TXN_10082,user_30,user_49,4213.18,2025-12-21T09:13:42Z,Berlin
TXN_10083,user_92,user_64,2589.21,2025-12-21T12:45:42Z,Berlin
TXN_10046,user_2,user_12,1064.34,2025-12-21T19:03:42Z,New York
TXN_10599,user_50,user_36,1335.8,2025-12-21T16:38:42Z,Tokyo
TXN_10000,user_87,user_81,1804.62,2025-12-21T11:04:42Z,New York
TXN_10591,user_58,user_4,1418.85,2025-12-21T08:51:42Z,Paris
TXN_10084,user_19,user_28,3002.66,2025-12-21T14:22:42Z,Paris
TXN_10374,user_92,user_28,2660.23,2025-12-21T09:10:42Z,Mumbai
TXN_10050,user_57,user_67,2974.4,2025-12-21T12:57:42Z,Sydney
TXN_10586,user_25,user_40,1259.24,2025-12-21T12:12:42Z,London
TXN_10569,user_56,user_94,1799.77,2025-12-21T09:43:42Z,New York
TXN_10010,user_39,user_26,1390.56,2025-12-21T13:28:42Z,Berlin
TXN_10275,user_37,user_90,847.97,2025-12-21T15:12:42Z,Paris
TXN_10608,user_51,user_45,1732.97,2025-12-21T14:42:42Z,Berlin
TXN_10152,user_40,user_54,2597.44,2025-12-21T07:49:42Z,Sydney
TXN_10716,user_95,user_31,4807.73,2025-12-21T10:28:42Z,New York
TXN_10058,user_31,user_54,4077.73,2025-12-21T18:40:42Z,Lagos
TXN_10611,user_15,user_9,4868.94,2025-12-21T10:36:42Z,Singapore
TXN_10630,user_60,user_38,4728.44,2025-12-21T14:02:42Z,Dubai
TXN_10380,user_31,user_12,4323.61,2025-12-21T15:52:42Z,Dubai
TXN_10823,user_17,user_100,1476.39,2025-12-21T12:00:42Z,Sydney
TXN_10629,user_85,user_84,343.37,2025-12-21T14:48:42Z,Berlin
TXN_10742,user_23,user_62,4724.18,2025-12-21T17:41:42Z,Lagos
TXN_10171,user_2,user_99,3597.72,2025-12-21T12:35:42Z,Lagos
TXN_10100,user_98,user_99,3212.06,2025-12-21T12:28:42Z,Paris
TXN_10527,user_28,user_36,2762.67,2025-12-21T08:41:42Z,Mumbai
TXN_10821,user_63,user_57,3550.22,2025-12-21T14:36:42Z,Berlin
TXN_10443,user_29,user_8,2183.58,2025-12-21T14:47:42Z,Singapore
TXN_10165,user_92,user_32,4931.5,2025-12-21T20:19:42Z,Singapore
TXN_10032,user_62,user_37,2824.82,2025-12-21T10:29:42Z,London
TXN_10572,user_57,user_50,4168.27,2025-12-21T14:31:42Z,Singapore
TXN_10384,user_98,user_96,1788.59,2025-12-21T18:43:42Z,Berlin
TXN_10344,user_15,user_39,1690.37,2025-12-21T08:29:42Z,London
TXN_10698,user_3,user_9,879.08,2025-12-21T19:40:42Z,Singapore
TXN_10502,user_68,user_40,3512.07,2025-12-21T14:06:42Z,London
TXN_10367,user_51,user_99,3109.72,2025-12-21T08:55:42Z,New York
TXN_10338,user_14,user_47,3598.75,2025-12-21T13:31:42Z,Sydney
TXN_10104,user_66,user_44,3910.19,2025-12-21T09:59:42Z,Dubai
TXN_10635,user_67,user_57,3019.72,2025-12-21T19:26:42Z,Singapore
TXN_10819,user_86,user_62,3970.16,2025-12-21T20:13:42Z,Berlin
TXN_10470,user_46,user_95,4627.52,2025-12-21T07:51:42Z,Dubai
TXN_10616,user_64,user_42,4772.74,2025-12-21T17:04:42Z,Tokyo
TXN_10881,user_80,user_91,4514.52,2025-12-21T09:46:42Z,Paris
TXN_10589,user_38,user_99,1813.47,2025-12-21T07:22:42Z,Sydney
TXN_10353,user_28,user_17,3046.51,2025-12-21T18:06:42Z,New York
TXN_10760,user_71,user_17,4130.63,2025-12-21T11:53:42Z,Dubai
TXN_10861,user_88,user_47,4290.66,2025-12-21T08:08:42Z,Mumbai
TXN_10557,user_29,user_41,4949.78,2025-12-21T08:14:42Z,Singapore
TXN_10617,user_15,user_70,1188.75,2025-12-21T12:14:42Z,Paris
TXN_10154,user_60,user_64,1641.9,2025-12-21T13:49:42Z,Singapore
TXN_10091,user_50,user_62,200.18,2025-12-21T08:37:42Z,Singapore
TXN_10287,user_44,user_65,3163.43,2025-12-21T19:30:42Z,Sydney
TXN_10863,user_70,user_9,4085.1,2025-12-21T17:48:42Z,Sydney
TXN_10357,user_93,user_99,3130.47,2025-12-21T14:35:42Z,Mumbai
TXN_10677,user_62,user_77,1810.6,2025-12-21T16:50:42Z,Mumbai
TXN_10929,user_89,user_37,3024.66,2025-12-21T17:19:42Z,Paris
TXN_10326,user_85,user_17,276.08,2025-12-21T16:53:42Z,Tokyo
TXN_10824,user_43,user_89,1613.64,2025-12-21T08:01:42Z,New York
TXN_10642,user_72,user_38,1474.28,2025-12-21T20:14:42Z,Sydney
TXN_10155,user_31,user_19,1294.95,2025-12-21T18:11:42Z,New York
TXN_10417,user_51,user_7,3783.25,2025-12-21T08:34:42Z,London
TXN_10551,user_90,user_21,3557.91,2025-12-21T12:54:42Z,Singapore
TXN_10822,user_86,user_85,3014.18,2025-12-21T17:32:42Z,Tokyo
TXN_10578,user_37,user_72,4871.26,2025-12-21T08:15:42Z,Dubai
TXN_10394,user_25,user_79,919.33,2025-12-21T14:50:42Z,Singapore
TXN_10190,user_27,user_40,3294.66,2025-12-21T12:38:42Z,Lagos
TXN_10941,user_27,user_35,1236.33,2025-12-21T13:08:42Z,Dubai
TXN_10563,user_85,user_89,2869.15,2025-12-21T13:13:42Z,London
TXN_10583,user_76,user_52,1209.95,2025-12-21T10:09:42Z,New York
TXN_10866,user_46,user_5,3091.89,2025-12-21T18:22:42Z,Berlin
TXN_10655,user_91,user_33,985.98,2025-12-21T09:51:42Z,Berlin
TXN_10325,user_58,user_49,2648.23,2025-12-21T09:28:42Z,Sydney
TXN_10049,user_29,user_33,1848.12,2025-12-21T12:29:42Z,Paris
TXN_10044,user_54,user_38,1942.12,2025-12-21T18:59:42Z,Mumbai
TXN_10285,user_70,user_20,4967.43,2025-12-21T13:05:42Z,Mumbai
TXN_10300,user_32,user_25,2092.6,2025-12-21T17:06:42Z,Tokyo
TXN_10493,user_88,user_96,104.98,2025-12-21T15:16:42Z,Tokyo
TXN_10166,user_42,user_3,1373.19,2025-12-21T19:18:42Z,Mumbai
TXN_10127,user_71,user_57,3928.01,2025-12-21T11:51:42Z,New York
TXN_10358,user_56,user_73,851.31,2025-12-21T19:15:42Z,Dubai
TXN_10199,user_62,user_14,587.51,2025-12-21T11:37:42Z,Sydney
TXN_10003,user_1,user_40,3138.34,2025-12-21T10:23:42Z,New York
TXN_10000,user_7,user_8,120.0,2025-12-22T22:21:42Z,Tokyo
TXN_10933,user_51,user_99,3890.69,2025-12-21T07:55:42Z,Tokyo
TXN_10843,user_73,user_57,1135.98,2025-12-21T13:41:42Z,Sydney
TXN_10389,user_22,user_38,2114.66,2025-12-21T10:39:42Z,Sydney
TXN_10463,user_68,user_76,3947.45,2025-12-21T15:44:42Z,Dubai
TXN_10446,user_67,user_72,4537.84,2025-12-21T11:59:42Z,Singapore
TXN_10311,user_15,user_20,2291.34,2025-12-21T13:12:42Z,Paris
TXN_10522,user_15,user_80,1423.92,2025-12-21T14:49:42Z,Singapore
TXN_10175,user_10,user_41,132.84,2025-12-21T19:13:42Z,Berlin
TXN_10872,user_30,user_29,2303.11,2025-12-21T19:09:42Z,Lagos
TXN_10486,user_85,user_2,1020.32,2025-12-21T10:56:42Z,Berlin
TXN_10337,user_33,user_60,2899.6,2025-12-21T13:08:42Z,Sydney
TXN_10124,user_18,user_95,3060.74,2025-12-21T16:00:42Z,Tokyo
TXN_ERR_03,user_5,user_6,500.0,2026-01-01T22:21:42Z,London
TXN_10739,user_95,user_18,4021.31,2025-12-21T10:13:42Z,Singapore
TXN_10710,user_86,user_19,739.84,2025-12-21T17:18:42Z,Mumbai
TXN_10800,user_27,user_24,258.5,2025-12-21T20:16:42Z,New York
TXN_10779,user_57,user_18,3809.75,2025-12-21T07:51:42Z,Dubai
TXN_10766,user_47,user_68,3078.28,2025-12-21T14:55:42Z,London
TXN_10455,user_42,user_79,134.05,2025-12-21T11:28:42Z,Paris
TXN_10405,user_35,user_44,1372.06,2025-12-21T14:01:42Z,Berlin
TXN_10151,user_68,user_69,1786.4,2025-12-21T11:04:42Z,Singapore
TXN_10511,user_95,user_86,3506.76,2025-12-21T15:45:42Z,Lagos
TXN_10147,user_99,user_36,269.66,2025-12-21T10:08:42Z,Sydney
TXN_10528,user_79,user_49,968.37,2025-12-21T14:13:42Z,Singapore
TXN_10615,user_3,user_13,2432.15,2025-12-21T10:02:42Z,Sydney
TXN_10161,user_26,user_42,3886.96,2025-12-21T16:06:42Z,Paris
TXN_10395,user_97,user_42,2778.09,2025-12-21T13:35:42Z,New York
TXN_10435,user_5,user_22,4705.81,2025-12-21T15:46:42Z,Singapore
TXN_10880,user_79,user_44,2952.5,2025-12-21T13:47:42Z,London
TXN_10803,user_5,user_56,3794.38,2025-12-21T20:15:42Z,Tokyo
TXN_10728,user_18,user_96,3664.99,2025-12-21T18:31:42Z,London
TXN_10208,user_88,user_12,1884.57,2025-12-21T19:34:42Z,London
TXN_10494,user_2,user_97,3942.24,2025-12-21T08:00:42Z,Singapore
TXN_10731,user_13,user_14,3952.73,2025-12-21T14:10:42Z,Paris
TXN_10048,user_3,user_52,2799.57,2025-12-21T16:51:42Z,Tokyo
TXN_10465,user_8,user_18,2883.03,2025-12-21T15:05:42Z,Paris
TXN_GPA_01,user_20,user_21,5000.0,2025-12-21T08:21:42Z,Mumbai
TXN_10609,user_66,user_17,888.28,2025-12-21T17:46:42Z,Sydney
TXN_10216,user_19,user_88,4275.25,2025-12-21T07:45:42Z,Tokyo
TXN_10471,user_57,user_58,968.94,2025-12-21T16:00:42Z,Lagos
TXN_10770,user_42,user_52,2381.02,2025-12-21T17:27:42Z,London
TXN_10533,user_20,user_67,3295.11,2025-12-21T18:32:42Z,London
TXN_10675,user_91,user_95,1785.34,2025-12-21T11:16:42Z,Dubai
TXN_10376,user_48,user_49,4975.35,2025-12-21T20:08:42Z,Sydney
TXN_10125,user_7,user_60,2130.99,2025-12-21T18:43:42Z,New York
TXN_10244,user_3,user_95,3152.92,2025-12-21T12:42:42Z,London
TXN_10408,user_14,user_70,588.48,2025-12-21T15:40:42Z,Tokyo
TXN_10648,user_63,user_6,4945.8,2025-12-21T15:07:42Z,Paris
TXN_10073,user_52,user_31,359.73,2025-12-21T16:30:42Z,Lagos
TXN_10785,user_94,user_75,1356.09,2025-12-21T08:18:42Z,London
TXN_10453,user_20,user_87,1122.22,2025-12-21T16:54:42Z,Singapore
TXN_10156,user_32,user_24,3576.06,2025-12-21T09:17:42Z,Lagos
TXN_10020,user_9,user_51,4099.32,2025-12-21T11:07:42Z,Lagos
TXN_10246,user_84,user_44,4786.36,2025-12-21T12:26:42Z,Lagos
TXN_10188,user_81,user_98,233.36,2025-12-21T07:30:42Z,Tokyo
TXN_10383,user_32,user_34,4601.77,2025-12-21T19:38:42Z,Tokyo
TXN_10754,user_96,user_76,692.46,2025-12-21T09:09:42Z,New York
TXN_10440,user_1,user_75,4768.95,2025-12-21T18:49:42Z,Mumbai
TXN_10219,user_86,user_45,398.55,2025-12-21T17:58:42Z,London
TXN_10402,user_16,user_62,3496.52,2025-12-21T09:34:42Z,Mumbai
TXN_10584,user_34,user_89,1918.29,2025-12-21T14:06:42Z,New York
TXN_10387,user_67,user_78,1130.12,2025-12-21T19:51:42Z,Sydney
TXN_10062,user_83,user_80,4874.25,2025-12-21T12:26:42Z,Dubai
TXN_10301,user_90,user_21,3669.49,2025-12-21T17:49:42Z,Dubai
TXN_10506,user_8,user_74,1074.84,2025-12-21T19:23:42Z,Sydney
TXN_10377,user_77,user_20,1953.46,2025-12-21T18:58:42Z,Paris
TXN_10580,user_97,user_82,3341.52,2025-12-21T17:40:42Z,New York
TXN_10633,user_11,user_73,2818.54,2025-12-21T18:28:42Z,Sydney
TXN_10750,user_91,user_73,3701.22,2025-12-21T12:16:42Z,Tokyo
TXN_10945,user_18,user_50,2811.6,2025-12-21T19:06:42Z,Singapore
TXN_10413,user_91,user_67,2215.84,2025-12-21T09:02:42Z,Berlin
TXN_10253,user_69,user_63,1757.65,2025-12-21T19:21:42Z,Lagos
TXN_10399,user_27,user_92,4714.68,2025-12-21T15:18:42Z,Dubai
TXN_10537,user_26,user_29,3214.23,2025-12-21T12:52:42Z,Lagos
TXN_10028,user_34,user_13,4459.88,2025-12-21T19:50:42Z,Lagos
TXN_10756,user_18,user_77,2743.87,2025-12-21T07:48:42Z,Sydney
TXN_10169,user_53,user_68,3117.41,2025-12-21T14:23:42Z,Tokyo
TXN_10897,user_6,user_93,1221.52,2025-12-21T08:54:42Z,Lagos
TXN_10575,user_70,user_1,4927.89,2025-12-21T14:45:42Z,London
TXN_10726,user_52,user_47,3764.62,2025-12-21T08:34:42Z,Berlin
TXN_10347,user_6,user_24,1104.11,2025-12-21T13:21:42Z,Dubai
TXN_10350,user_6,user_14,4122.5,2025-12-21T12:43:42Z,New York
TXN_10883,user_13,user_59,2696.36,2025-12-21T16:09:42Z,Tokyo
TXN_10789,user_62,user_80,1222.9,2025-12-21T14:47:42Z,Mumbai
TXN_10596,user_55,user_43,4405.1,2025-12-21T09:44:42Z,Lagos
TXN_GPA_02,user_21,user_20,4950.0,2025-12-21T09:21:42Z,Mumbai
TXN_10112,user_9,user_54,3497.09,2025-12-21T15:58:42Z,London
TXN_10925,user_76,user_81,4887.42,2025-12-21T10:08:42Z,Tokyo
TXN_10280,user_79,user_99,2843.05,2025-12-21T18:01:42Z,New York
TXN_10007,user_85,user_67,760.85,2025-12-21T12:38:42Z,Dubai
TXN_10117,user_4,user_83,3716.14,2025-12-21T15:58:42Z,Berlin
TXN_10744,user_56,user_66,3799.18,2025-12-21T17:26:42Z,Paris
TXN_10604,user_18,user_67,2383.82,2025-12-21T10:26:42Z,Singapore
TXN_10926,user_36,user_20,3652.34,2025-12-21T13:54:42Z,Tokyo
TXN_10495,user_36,user_51,232.43,2025-12-21T13:54:42Z,New York
TXN_10729,user_56,user_3,2955.01,2025-12-21T16:31:42Z,Dubai
TXN_10371,user_89,user_61,2953.69,2025-12-21T11:42:42Z,Tokyo
TXN_10832,user_83,user_48,1939.9,2025-12-21T18:19:42Z,Paris
TXN_10910,user_45,user_61,2935.96,2025-12-21T15:59:42Z,Dubai
TXN_10552,user_27,user_58,962.11,2025-12-21T15:09:42Z,Dubai
TXN_10313,user_38,user_90,3262.19,2025-12-21T18:59:42Z,London
TXN_10905,user_9,user_57,1271.75,2025-12-21T14:15:42Z,Dubai
TXN_ML_01,user_10,user_11,999999.99,2025-12-22T22:21:42Z,Dubai
TXN_10234,user_91,user_27,1329.74,2025-12-21T10:48:42Z,Paris
TXN_10749,user_7,user_79,1069.26,2025-12-21T19:22:42Z,Dubai
TXN_10055,user_16,user_53,1322.21,2025-12-21T16:39:42Z,Lagos
TXN_10701,user_16,user_50,4544.05,2025-12-21T12:10:42Z,Paris
TXN_10214,user_96,user_60,3673.3,2025-12-21T17:37:42Z,Lagos
TXN_10673,user_82,user_50,4697.38,2025-12-21T13:36:42Z,New York
TXN_10363,user_62,user_73,4845.34,2025-12-21T11:42:42Z,Berlin
TXN_10289,user_51,user_53,4021.28,2025-12-21T17:50:42Z,Berlin
TXN_10845,user_83,user_60,1127.41,2025-12-21T14:17:42Z,New York
TXN_10855,user_17,user_73,4227.24,2025-12-21T16:41:42Z,Lagos
TXN_10076,user_61,user_71,1074.76,2025-12-21T08:10:42Z,Sydney
TXN_10409,user_57,user_10,4172.69,2025-12-21T11:17:42Z,Sydney
TXN_10279,user_62,user_100,923.92,2025-12-21T15:04:42Z,Sydney
TXN_10200,user_29,user_54,4657.49,2025-12-21T12:07:42Z,Tokyo
TXN_10242,user_39,user_35,2350.39,2025-12-21T09:07:42Z,Lagos
TXN_10491,user_67,user_11,3274.88,2025-12-21T14:15:42Z,Singapore
TXN_10273,user_59,user_81,1357.58,2025-12-21T10:57:42Z,Berlin
TXN_10914,user_79,user_36,3055.08,2025-12-21T11:52:42Z,Lagos
TXN_10270,user_57,user_48,1428.74,2025-12-21T08:04:42Z,Berlin
TXN_10653,user_70,user_3,1193.59,2025-12-21T16:52:42Z,Lagos
TXN_10625,user_51,user_44,1421.86,2025-12-21T08:59:42Z,Paris
TXN_10928,user_89,user_17,3877.68,2025-12-21T08:05:42Z,Mumbai
TXN_10448,user_19,user_64,3589.34,2025-12-21T16:09:42Z,Lagos
TXN_10947,user_57,user_94,2250.22,2025-12-21T08:04:42Z,Tokyo
TXN_10521,user_85,user_35,146.9,2025-12-21T08:02:42Z,Berlin
TXN_10133,user_17,user_45,3032.69,2025-12-21T17:11:42Z,New York
TXN_10116,user_22,user_100,3018.85,2025-12-21T20:07:42Z,Lagos
TXN_10137,user_69,user_16,2889.5,2025-12-21T07:41:42Z,Tokyo
TXN_10830,user_97,user_30,3323.64,2025-12-21T18:56:42Z,Lagos
TXN_10178,user_35,user_85,3127.2,2025-12-21T17:23:42Z,Singapore
TXN_10597,user_3,user_70,1698.01,2025-12-21T10:46:42Z,Mumbai
TXN_10094,user_65,user_55,1490.41,2025-12-21T13:40:42Z,Singapore
TXN_10898,user_73,user_76,4087.46,2025-12-21T14:05:42Z,Sydney
TXN_10420,user_88,user_85,4255.99,2025-12-21T15:57:42Z,New York
TXN_10322,user_18,user_82,3714.41,2025-12-21T11:37:42Z,Sydney
TXN_10548,user_42,user_64,1496.96,2025-12-21T15:48:42Z,Mumbai
TXN_10059,user_85,user_15,3587.56,2025-12-21T19:33:42Z,Paris
TXN_10842,user_46,user_67,1888.36,2025-12-21T10:47:42Z,Singapore
TXN_10031,user_3,user_55,941.19,2025-12-21T18:52:42Z,New York
TXN_10274,user_34,user_55,4944.92,2025-12-21T08:04:42Z,Mumbai
TXN_10016,user_28,user_75,3708.61,2025-12-21T11:24:42Z,Lagos
TXN_10318,user_84,user_15,2242.42,2025-12-21T15:47:42Z,Berlin
TXN_10665,user_73,user_85,1760.44,2025-12-21T18:37:42Z,Dubai
TXN_10940,user_7,user_38,1012.91,2025-12-21T12:51:42Z,Singapore
TXN_10627,user_10,user_9,3883.74,2025-12-21T10:50:42Z,Mumbai
TXN_10678,user_74,user_65,929.67,2025-12-21T11:54:42Z,Mumbai
TXN_10544,user_28,user_80,3383.58,2025-12-21T07:46:42Z,Mumbai
TXN_10419,user_10,user_24,3560.21,2025-12-21T19:37:42Z,Sydney
TXN_10804,user_94,user_34,4362.49,2025-12-21T08:58:42Z,Mumbai
TXN_10839,user_73,user_45,1037.73,2025-12-21T13:02:42Z,Singapore
TXN_10892,user_28,user_83,799.97,2025-12-21T17:32:42Z,Singapore
